username,password
wide-eyeduhswipe75,Pass12345!
collaborativeeq5orb,Pass12345!
cerebraltprevolver,Pass12345!
matching756driver68,Pass12345!
contractual17qrigid,Pass12345!
senatorialoiuniversi,Pass12345!
ominous2q8cerebrum259,Pass12345!
holyipxfop715,Pass12345!
noisyyf8alienation57,Pass12345!
exhaustingnlrope82,Pass12345!
militaryj92terminol,Pass12345!
cardiovascularng3awn,Pass12345!
eagerep3matchmaker,Pass12345!
bouncing194placenta72,Pass12345!
flushedo3wgroundsw,Pass12345!
smallt0pram63,Pass12345!
crankycs6intervent,Pass12345!
anti-Communist2tstr,Pass12345!
concavelg7tapping244,Pass12345!
farcicalghiisle551,Pass12345!
strayv12insertion67,Pass12345!
pitchedglvsedan399,Pass12345!
sentencingx7combinat,Pass12345!
considerater1thorn8,Pass12345!
lovablebzmother22,Pass12345!
grayylre-creation5,Pass12345!
unsympathetic7tskepti,Pass12345!
diminishedoyimeridian,Pass12345!
centralj90promontory,Pass12345!
frequentlxfireplace1,Pass12345!
participatingxjbon,Pass12345!
spinningrqmystic25,Pass12345!
bearded5bgadget27,Pass12345!
fruitful1acparallel,Pass12345!
femalekvcortex74,Pass12345!
short-termzcfodder,Pass12345!
written2wxentertain,Pass12345!
moderatezdaplanning3,Pass12345!
practicalm9yuppie84,Pass12345!
traditionalemtrivi,Pass12345!
fluorescents9tube27,Pass12345!
secure3vviolet71,Pass12345!
lucide7face32,Pass12345!
comical2qnpopulist3,Pass12345!
somber4fscrap50,Pass12345!
best-knownuzart10,Pass12345!
colorfulyf3ardor69,Pass12345!
unconvinceddd0gras,Pass12345!
mockntzperception4,Pass12345!
improvingikcwhisker56,Pass12345!
day-care55jalphabet,Pass12345!
downcastgi7blackboar,Pass12345!
undefined96causation,Pass12345!
freedh0corral402,Pass12345!
triplewvqspatula221,Pass12345!
pleasing92banana37,Pass12345!
paidkbmiler36,Pass12345!
nonpartisanp2pipe7,Pass12345!
eternalog4pompadour5,Pass12345!
impurewjworld-syste,Pass12345!
sad7etequila87,Pass12345!
special69csimulation,Pass12345!
supplementary2pwfive,Pass12345!
trackingtxctide493,Pass12345!
shoddyjqsymptom34,Pass12345!
arcaneh4absurdist42,Pass12345!
inlandg9ad35,Pass12345!
cast-iron7zallocation,Pass12345!
harsh6d5nymph593,Pass12345!
powderedx0rling497,Pass12345!
waywardr84comedienn,Pass12345!
tearfulshmtorpor800,Pass12345!
inscrutable1kdogfight,Pass12345!
physiologicalfo6bu,Pass12345!
outside64yoxide574,Pass12345!
flashingu7lpicnic453,Pass12345!
unfavorableaopseudony,Pass12345!
staidvojacket52,Pass12345!
distraughta41bailou,Pass12345!
poorblxwarrior568,Pass12345!
allieddoirogue797,Pass12345!
haplessuuartery26,Pass12345!
perfecttudtryst341,Pass12345!
utopian57yvilla733,Pass12345!
shapedalairing23,Pass12345!
fretful2tshade11,Pass12345!
afraidrn1coding365,Pass12345!
clearingq12roommate2,Pass12345!
undercoverwuscout29,Pass12345!
individualisticciledg,Pass12345!
uneventfuly6monarchy,Pass12345!
imaginative85paddoc,Pass12345!
ensconcedjbflapper40,Pass12345!
sanitaryt6laureate1,Pass12345!
conducivekwpromise,Pass12345!
fetid1pteen26,Pass12345!
haplessmrpdisillusion,Pass12345!
all-powerfuleirept,Pass12345!
hard-nosedry1timing23,Pass12345!
motherly73kamplitude3,Pass12345!
shrillarputer47,Pass12345!
bleakbhwroundabout31,Pass12345!
concludingvraphasia38,Pass12345!
noticeableogcastor56,Pass12345!
hired15commander15,Pass12345!
well-placedzjhspore2,Pass12345!
ravagedexplatitude4,Pass12345!
aghasttimarquee17,Pass12345!
conservations9jhybri,Pass12345!
constructivekvbone59,Pass12345!
provenp4ghighboy241,Pass12345!
pitchedryrescuer34,Pass12345!
ephemeral7zrocket13,Pass12345!
shallowzr2pulp882,Pass12345!
maritalutprofanity2,Pass12345!
stale9anay87,Pass12345!
groggyivucriterion,Pass12345!
airyudzpayout778,Pass12345!
modernxtumarquee547,Pass12345!
propcrental41,Pass12345!
unmarriedbpstoreke,Pass12345!
diverse4mscout87,Pass12345!
governmentaln02bla,Pass12345!
gutturaldjsmall17,Pass12345!
cylindrical10foundati,Pass12345!
sarcasticwngconjurer3,Pass12345!
toughq1pedigree81,Pass12345!
pendingdp7crumb277,Pass12345!
cognitivececrossing2,Pass12345!
nativepb0actuality75,Pass12345!
tactical22witch17,Pass12345!
voluble5ubpit543,Pass12345!
fragmentedrw3insec,Pass12345!
long-distancew5mul,Pass12345!
cynical9fstakeout10,Pass12345!
apprehensiverdtaki,Pass12345!
buxom6kscrim25,Pass12345!
nonpoliticalpvstickl,Pass12345!
structuralifinfirma,Pass12345!
sensitive843literatu,Pass12345!
attentive1ethrill19,Pass12345!
momentousmb9spraying,Pass12345!
jumpy9esplendour57,Pass12345!
astutehykit70,Pass12345!
overpowering78yknife7,Pass12345!
noteworthym1hworkp,Pass12345!
additiveogmvacation6,Pass12345!
adaptive79gmaze253,Pass12345!
unholyr81venue688,Pass12345!
tastefulsosemi78,Pass12345!
sinfulzdncharacterist,Pass12345!
unjust91delusion14,Pass12345!
amazed5nlite57,Pass12345!
button-downhlktaberna,Pass12345!
bracing079double-ta,Pass12345!
demurefsmodule48,Pass12345!
wide-rangingo2tkinsma,Pass12345!
foaming163sprinter28,Pass12345!
drunken1mkacronym2,Pass12345!
coedlkvassal62,Pass12345!
wistfulgkgperformance,Pass12345!
abortivei99dose402,Pass12345!
extravagant2aymake68,Pass12345!
long-awaitedt9oboo,Pass12345!
kindhbsnowfield65,Pass12345!
pitchedaq8turmoil79,Pass12345!
flabbythdcease-fire29,Pass12345!
optional8xdoctrine89,Pass12345!
fashionable8d9spir,Pass12345!
contingentaopalladi,Pass12345!
harrowingcjdeterren,Pass12345!
movingqqegotist61,Pass12345!
diversifiedyquaccess,Pass12345!
detachedwt7cutback,Pass12345!
hesitant01hconjecture,Pass12345!
unaccountableek0statu,Pass12345!
subtleozywoe302,Pass12345!
fundamental8kself-sa,Pass12345!
improvisedgqyexhilar,Pass12345!
prominentmjextraction,Pass12345!
habitualqxygunboat,Pass12345!
trainedmexideologist2,Pass12345!
unsuspectingzatambo,Pass12345!
just7h2crick361,Pass12345!
decreasedi4rmonk821,Pass12345!
calledo6mmustache1,Pass12345!
wet9hinhumanity75,Pass12345!
unspeakableozhsophi,Pass12345!
implicit2amtimberland,Pass12345!
offendingxdrustlin,Pass12345!
unscatheddltorpor24,Pass12345!
jubilantfhabrasion,Pass12345!
tireda1jshaman784,Pass12345!
dumb0xmdaydream805,Pass12345!
thematica5bhistorio,Pass12345!
comforting18uball563,Pass12345!
accumulatedppmimic5,Pass12345!
staidw1ucandelabra777,Pass12345!
awashlp1fiction327,Pass12345!
usefullciviolation62,Pass12345!
doctrinal31bnostril7,Pass12345!
willfulgm1accord167,Pass12345!
orangexmheed50,Pass12345!
farfetchedk3dossier16,Pass12345!
conspicuousej4hangou,Pass12345!
beleaguered9kwslowdow,Pass12345!
cut-rate6j2mitten3,Pass12345!
dizzydkpapaya38,Pass12345!
shorthisleepwalker13,Pass12345!
shamefulxp5sulfite3,Pass12345!
hiredn3notification,Pass12345!
similar26cavity30,Pass12345!
sexistvjoplasma551,Pass12345!
toweringl8hpickup73,Pass12345!
selectedko6counter243,Pass12345!
hoodedzbospender895,Pass12345!
timelyvudforeclosur,Pass12345!
wistfulj8wail27,Pass12345!
sundryb8lfang458,Pass12345!
musical6vslimerick582,Pass12345!
blisteringvamclinc,Pass12345!
gallants5qfisher548,Pass12345!
badr2font66,Pass12345!
fashionablei0slice55,Pass12345!
controllingizmhigh,Pass12345!
hauntingmttune51,Pass12345!
red-facedszkhermit,Pass12345!
coercive7gobreaker,Pass12345!
prodigious9adcornea74,Pass12345!
anti-abortion170post,Pass12345!
darkeningt9chaperone5,Pass12345!
enchanteddz2shrew8,Pass12345!
roaringhlfinality7,Pass12345!
infirm04padmiral627,Pass12345!
stained4n1goatskin49,Pass12345!
middle-agedvasalute77,Pass12345!
specializedqtpreceden,Pass12345!
hushedt8wfairy683,Pass12345!
trustingbmscheme43,Pass12345!
shouting2yhammock3,Pass12345!
intransigent02immer,Pass12345!
self-proclaimedx2t,Pass12345!
lightidapolicewoman4,Pass12345!
fraughtn3serviceman74,Pass12345!
unaccustomed7yban2,Pass12345!
unyielding67gebling76,Pass12345!
horizontal8thusk42,Pass12345!
sparklingvdrift72,Pass12345!
levelzyrprivate697,Pass12345!
enviableg6sibling27,Pass12345!
compactbvsurface76,Pass12345!
exceptional9bomeasure,Pass12345!
totala94screening3,Pass12345!
dour2wmouf32,Pass12345!
overcrowdedv4beach2,Pass12345!
hesitantrd2rusher60,Pass12345!
retailo2ncrotch829,Pass12345!
unmovedi0opener57,Pass12345!
unifiednedinosaur5,Pass12345!
honorary1v2mainsail25,Pass12345!
excellent5gceiling59,Pass12345!
impudentekfcrab818,Pass12345!
specializedqfbenefi,Pass12345!
motherlync5jogger4,Pass12345!
affirmativeyiaxle54,Pass12345!
one-sided4wsubmiss,Pass12345!
aesthetic1phourgla,Pass12345!
banned14wvintage873,Pass12345!
amateurishstwalternat,Pass12345!
indignantlugpiling63,Pass12345!
ablaze4p1questionin,Pass12345!
horrible2aqyearling,Pass12345!
maximumq6scimitar47,Pass12345!
closed8xvcamera608,Pass12345!
daily7wthreshing75,Pass12345!
falsecq9cottage383,Pass12345!
distinguished9zdlook-,Pass12345!
pronouncedagduchy48,Pass12345!
little2ionion84,Pass12345!
wrought-ironkyfout,Pass12345!
responsiverqevergr,Pass12345!
present-day6eointe,Pass12345!
forward8ebflavor660,Pass12345!
up-to-datelgupswin,Pass12345!
coherent79sbarricade7,Pass12345!
illuminatingwiarena54,Pass12345!
ripe2eresidue70,Pass12345!
immobiledbrballet678,Pass12345!
extreme9yspredispo,Pass12345!
sultryt3ktiara556,Pass12345!
cross-legged24skiff6,Pass12345!
marginalsllily39,Pass12345!
enforced9jminuet14,Pass12345!
esteemedielleash171,Pass12345!
commendablen9yblow-u,Pass12345!
law-enforcement3ifung,Pass12345!
masterly7ctrophy54,Pass12345!
designatednmpenalty5,Pass12345!
strangledyhkstatis,Pass12345!
restrainedkimarking3,Pass12345!
paradoxicalkrupuzz,Pass12345!
preferentialorbdram,Pass12345!
militaryinmtention86,Pass12345!
centrist8gfmaniac263,Pass12345!
afiretfatrocity10,Pass12345!
recognizable24edepar,Pass12345!
spiralflalliance21,Pass12345!
incomparable1knvein18,Pass12345!
successive51shipment6,Pass12345!
remote0grecommendati,Pass12345!
recentnjsnobbery78,Pass12345!
mischievousix4daisy66,Pass12345!
icy7rwaistline66,Pass12345!
genericdm9festivity3,Pass12345!
intolerant6isuggestio,Pass12345!
astonishing87tracin,Pass12345!
flawless7fslop48,Pass12345!
certified23rcoloratio,Pass12345!
flatteredojreception,Pass12345!
cloudlessprzfootstoo,Pass12345!
flexiblef3ibility1,Pass12345!
old-fashioned3rfbelf,Pass12345!
swift71had-lib446,Pass12345!
crucial7xcast43,Pass12345!
reflectivejxcrystall,Pass12345!
condescendingx7disab,Pass12345!
vivaciouskn2defence,Pass12345!
postalmvcomputer65,Pass12345!
lateral2ehfoist376,Pass12345!
leadenf73broom546,Pass12345!
sleevelessdxraskin,Pass12345!
intensivez86visa15,Pass12345!
aestheticbljslop232,Pass12345!
resigned26bevel47,Pass12345!
mythical8krefriger,Pass12345!
wretched88qpersonifi,Pass12345!
undergrounddcspectat,Pass12345!
bloodshotw5thyroid,Pass12345!
carvedln0twill132,Pass12345!
skillfulsd4grammar2,Pass12345!
overcomew7inhaler84,Pass12345!
appellatelbcatalyst,Pass12345!
bass33bpatrol804,Pass12345!
capable64hug59,Pass12345!
flattenedll7mime713,Pass12345!
seductivetjmearth6,Pass12345!
sensoryzf1wick622,Pass12345!
resulting216mom553,Pass12345!
relaxedt3scout78,Pass12345!
privaten6steer54,Pass12345!
shining7t0reluctance8,Pass12345!
withholdingw4xtrea,Pass12345!
differingfd5overru,Pass12345!
untouchable7ainterpl,Pass12345!
mathematicalk5apun,Pass12345!
lumpyrebaseline83,Pass12345!
self-consciousjjpv,Pass12345!
lowly14telethon84,Pass12345!
unbalancedsl9gym80,Pass12345!
wobblyqcslaying48,Pass12345!
flattered8fchovel86,Pass12345!
intolerantecdervis,Pass12345!
intentionalj2edifice7,Pass12345!
geographicalypkbuil,Pass12345!
defensiveiimagazine2,Pass12345!
unmovingpzodame557,Pass12345!
mandatorynwcrust16,Pass12345!
brazenfwbib32,Pass12345!
abrasivev4dsociali,Pass12345!
audiblejmfumble58,Pass12345!
trim7dvalise20,Pass12345!
generalizediqgreat-gr,Pass12345!
prosperousrtrlattic,Pass12345!
deprivedh0ucoast197,Pass12345!
self-madeslkblotter6,Pass12345!
fieryglqlabour126,Pass12345!
incoherentcojantiqu,Pass12345!
undesirablek9contin,Pass12345!
terminalc7rupture32,Pass12345!
undisciplinedrzhemplo,Pass12345!
missingl7stunner20,Pass12345!
instructivel3renovati,Pass12345!
unrestrainedwfcong,Pass12345!
mandatory9efatty69,Pass12345!
mirrored0elpoplar3,Pass12345!
good-bygxinevitabil,Pass12345!
fitting81mortar27,Pass12345!
negotiatedk4vthron,Pass12345!
bubblingz4wadapter793,Pass12345!
emerituscgxduality2,Pass12345!
humiddgfiber59,Pass12345!
sortal94imemorial7,Pass12345!
knowingf1hairstyle,Pass12345!
counterfeit21gstabili,Pass12345!
genitalv54cordon64,Pass12345!
rulingwf5locomotive5,Pass12345!
single-minded80vial,Pass12345!
centrifugalzatranspor,Pass12345!
sonicwlbuffoon35,Pass12345!
tremulousgvtscullery,Pass12345!
unperturbedttvunde,Pass12345!
endangeredw0owinni,Pass12345!
frailqrmutation38,Pass12345!
diminished2vwpretenc,Pass12345!
resentfulppglobster,Pass12345!
intimatep7bolster79,Pass12345!
tame6kwstorekeeper17,Pass12345!
trackingtfmpresiden,Pass12345!
explosives0cpremier2,Pass12345!
impulsivevhlshapin,Pass12345!
stoppedezfmanhole185,Pass12345!
sicku6belt41,Pass12345!
year-oldqc4grievance,Pass12345!
ultimate8dmaverick87,Pass12345!
luminousdtpteasing,Pass12345!
divided0n7norm231,Pass12345!
polisheduoyinhalatio,Pass12345!
artificial417finding,Pass12345!
post-wardcmsquall472,Pass12345!
winningx7dowry38,Pass12345!
gruelingjimentality53,Pass12345!
concentrated8jncatch,Pass12345!
amberyhjruler357,Pass12345!
sportymdihomosexual38,Pass12345!
usualibpatsy26,Pass12345!
vehement0nfurnishing,Pass12345!
concomitant9zgfacade,Pass12345!
clean-cut9othumpin,Pass12345!
optionalne4antholo,Pass12345!
choral2yhvintage89,Pass12345!
khaki4byrapport378,Pass12345!
shrill9rgait39,Pass12345!
withering43dispensary,Pass12345!
petulantadhassock48,Pass12345!
gratuitousmosunrise65,Pass12345!
in-depthd0fragrance2,Pass12345!
effectiveydeobjecti,Pass12345!
individualw8reaffirma,Pass12345!
bourgeoisfo1shiksa19,Pass12345!
token2awcuisine525,Pass12345!
burdensome3wrdiploma,Pass12345!
unprotecteddwincision,Pass12345!
infernalz1jpoint-of-v,Pass12345!
retreatingwjkheaven86,Pass12345!
impassived6radioisot,Pass12345!
revolvinggxpredskin8,Pass12345!
ghostly3wpigtail62,Pass12345!
appellatedsbeloved,Pass12345!
leftwrsuperpower73,Pass12345!
favourablexjgush71,Pass12345!
next-doorcmconfidant7,Pass12345!
boilingsa2spate596,Pass12345!
internal27lung77,Pass12345!
nominalqkmcomposit,Pass12345!
low-levelkuchypocri,Pass12345!
brash8binvolvement28,Pass12345!
helluvaij0dimensio,Pass12345!
favorablej7qmailbox,Pass12345!
archedn1liberationis,Pass12345!
quintessential4jrs,Pass12345!
recreational7adcer453,Pass12345!
clear-cutmr2sedge6,Pass12345!
acrimoniousv2dcalum,Pass12345!
presumptuousfdgprin,Pass12345!
penalojqbark773,Pass12345!
profitablee4fanfare6,Pass12345!
free-lancehbhmilksha,Pass12345!
lightedwjprank49,Pass12345!
vitalb70hacksaw454,Pass12345!
artfulhsestart190,Pass12345!
full-timeyyhumoris,Pass12345!
high-poweredircame,Pass12345!
narrowd6searchlight5,Pass12345!
lategynundergraduate,Pass12345!
thrivingf8kadherent76,Pass12345!
unreliable92ksalad610,Pass12345!
half-emptypcax53,Pass12345!
productive7ecouplet50,Pass12345!
ten-year-oldhnzwat,Pass12345!
specified7b7unreal,Pass12345!
unmovedqy4supplica,Pass12345!
indistinguishablegy,Pass12345!
interstateyavstipu,Pass12345!
secularmaosqueeze704,Pass12345!
murkyihbombardment84,Pass12345!
diligentgaopinion79,Pass12345!
experimentalh06nota,Pass12345!
priorsfconcurrence,Pass12345!
fussyxgsconcealment6,Pass12345!
vauntedj0earia704,Pass12345!
untouchable1ntsnow,Pass12345!
early-morningwrqimp,Pass12345!
scaryh9sufferer66,Pass12345!
first-quartersxqha,Pass12345!
superstitiousr96call,Pass12345!
calculatedystub65,Pass12345!
preferredmkscreech2,Pass12345!
hysterical4svcamper,Pass12345!
archaeologicalzkrship,Pass12345!
flipping4s8constru,Pass12345!
noisy3rqhardtop378,Pass12345!
namelessoo2descendant,Pass12345!
disastrousff3alter,Pass12345!
unspecifiedi2mstarb,Pass12345!
musicalqo8life-span70,Pass12345!
addedvdcirculation82,Pass12345!
penniless7xehaunch,Pass12345!
second-hand2e3constit,Pass12345!
ungratefulmesouthern,Pass12345!
olive6o0condolence490,Pass12345!
rambling6q5prophet2,Pass12345!
tasty1rrebbe59,Pass12345!
deprivedqjradish61,Pass12345!
inanimateyudstateme,Pass12345!
undefineddzstring25,Pass12345!
surplus6vrealtor59,Pass12345!
punishing1zvlion62,Pass12345!
explosive8ateagle2,Pass12345!
muffled81vshortsto,Pass12345!
curt7ipaddock67,Pass12345!
shimmeringa8trestl,Pass12345!
weatheredlwgpedestri,Pass12345!
arched5vcparlour627,Pass12345!
exemptu4amitten130,Pass12345!
unregulatedx08padr,Pass12345!
piousg4amphitheatre,Pass12345!
unfulfilled9mbenefit,Pass12345!
headz51perspective,Pass12345!
hirede1arestitution6,Pass12345!
hooded1h3agony750,Pass12345!
floweryfkhjuncture5,Pass12345!
ferociousx8healer37,Pass12345!
egalitarian8hobroo,Pass12345!
driven8u0shipwreck18,Pass12345!
antisocial2vtape56,Pass12345!
bridalcpsolicitude6,Pass12345!
whimsicaleq0eyelas,Pass12345!
slowh9metaphor12,Pass12345!
unnamedgpbabble33,Pass12345!
defiantewdiminutive3,Pass12345!
fearlessmreraser48,Pass12345!
primevalgldsubstitut,Pass12345!
capitalistsoplatoon,Pass12345!
betrayedce5boor504,Pass12345!
tarnishedoxuyucca753,Pass12345!
distraughty80bagga,Pass12345!
colonialw8dfollowe,Pass12345!
longtime4wscotch26,Pass12345!
avidp8scabbard40,Pass12345!
graying9b9inductiv,Pass12345!
occupiedlsconvenien,Pass12345!
unhealthyhdnesplanad,Pass12345!
moralj7bark26,Pass12345!
residentp02regimen,Pass12345!
ordered3haship221,Pass12345!
withered2vgerm57,Pass12345!
swornmhgreatcoat13,Pass12345!
finishingvnfesteem177,Pass12345!
speckledtbsurname22,Pass12345!
methodological17torch,Pass12345!
unscrupulous1sfroo,Pass12345!
frustrating1mrvend,Pass12345!
demographic1ununnery,Pass12345!
retiredz8pwheel190,Pass12345!
afterwardr3pjunkyar,Pass12345!
cultivated77procur,Pass12345!
undisciplinedrhplam,Pass12345!
novel7cghue349,Pass12345!
vengefulv30lightwe,Pass12345!
slack9j7concurrence,Pass12345!
prostratem54inevit,Pass12345!
strident08bedroll8,Pass12345!
evolutionaryn6lifesp,Pass12345!
gnarled71matchstick5,Pass12345!
incisive5rone-line,Pass12345!
queasylzedissection72,Pass12345!
typedd0tduke552,Pass12345!
exhilaratedm3orific,Pass12345!
deserving0egfaith233,Pass12345!
scholasticsoifishbowl,Pass12345!
restricteddcllender,Pass12345!
hungryhqschmuck84,Pass12345!
doursxxsuffocation297,Pass12345!
punishablei1ugalaxy,Pass12345!
eminent8sdisability,Pass12345!
heartfeltawtrap39,Pass12345!
ineligible5sslaying7,Pass12345!
cantankerouspwthunde,Pass12345!
blazingdf6vestige15,Pass12345!
retired6ucstrongbox86,Pass12345!
lovablezlpotter40,Pass12345!
insolentm6religion58,Pass12345!
extantx6realm49,Pass12345!
indecenthbpniece443,Pass12345!
southeastern61enrich,Pass12345!
quizzical6vdfalsity,Pass12345!
participatingqgheli,Pass12345!
forcedlqdebacle13,Pass12345!
illustriousenbuoy3,Pass12345!
hypocritical1mmsail,Pass12345!
trendybjmhairstyle122,Pass12345!
stringylgjsmelter41,Pass12345!
slantedttmsuit350,Pass12345!
thickhhcape54,Pass12345!
tornw3pomp73,Pass12345!
longtimevaepidemiolo,Pass12345!
buoyant1bsecurity2,Pass12345!
evenbxxeconomist491,Pass12345!
spinningnufacet64,Pass12345!
bulginguzlard44,Pass12345!
saidxhlancestry542,Pass12345!
idletmpfever501,Pass12345!
simplistic1itonsur,Pass12345!
marineytchore38,Pass12345!
fosteregmalcontent82,Pass12345!
orbital92pchiton382,Pass12345!
indoorgqharangue78,Pass12345!
unlikely5artoddy191,Pass12345!
full-fledgedu1dig2,Pass12345!
maudlinikschoolmas,Pass12345!
flimsy3h1chalk576,Pass12345!
glitteringnrgun70,Pass12345!
energeticctfsphere7,Pass12345!
struggling5dfmix646,Pass12345!
martial1ikdiscipli,Pass12345!
weak7n2salad411,Pass12345!
cordiall7strangulati,Pass12345!
retaliatoryaxprip60,Pass12345!
philosophical8w4pro,Pass12345!
transientfv1infield,Pass12345!
mechanizedmj2quirk,Pass12345!
disgruntledfumedal,Pass12345!
harduvplaintiff37,Pass12345!
gratuitousk0changelin,Pass12345!
abnormalgzstampede3,Pass12345!
tiveflmevent218,Pass12345!
conspiratorialk7teacu,Pass12345!
quivering6ugtotem27,Pass12345!
unpretentiousx4opp,Pass12345!
religious06metier47,Pass12345!
legislative3dweather,Pass12345!
tinyhzmconviviality6,Pass12345!
consoling6lmileston,Pass12345!
uninhabitedkdattrit,Pass12345!
ironicunmwhip161,Pass12345!
lyrical415attraction8,Pass12345!
perennialitsuction,Pass12345!
conciliatorynxwok2,Pass12345!
static02ysharpshooter,Pass12345!
splendidj5berserker57,Pass12345!
nudeyr3abdomen554,Pass12345!
confidenti1wcommercia,Pass12345!
suffocatingb4origin,Pass12345!
double-actionao7gu,Pass12345!
hashishdzwlumber362,Pass12345!
long-distancem7yarn2,Pass12345!
producingfv0grab266,Pass12345!
resolute0pkwrestler52,Pass12345!
woodedi9yingenue478,Pass12345!
holym1qdeduction266,Pass12345!
well-educatedbe8monk6,Pass12345!
convenientnurtwine5,Pass12345!
resilientr7project3,Pass12345!
high-speedcnarmamen,Pass12345!
unforgettablevsdio,Pass12345!
top-secretmyuhousekee,Pass12345!
unannounced02fingerpr,Pass12345!
yellowishmvtat42,Pass12345!
timelyj6sshrimp729,Pass12345!
unidentifiedrcmatch2,Pass12345!
anti-Communistfp0com,Pass12345!
meekftappreciation,Pass12345!
ever-increasing9ebivo,Pass12345!
well-organizedwz4in,Pass12345!
scared2nydecrease506,Pass12345!
monastickgreek36,Pass12345!
outragedp1wsesame5,Pass12345!
deservingpgwhirl47,Pass12345!
hazely0crescent83,Pass12345!
garrulous4em'lord2,Pass12345!
ravagedlqqlab581,Pass12345!
avoweduk2downhill8,Pass12345!
consistent8hoclinch3,Pass12345!
reddishx9plane15,Pass12345!
infatuatedws7fusion,Pass12345!
privy5jjrefugee240,Pass12345!
beastlyb8croak88,Pass12345!
tolerantwy0emission2,Pass12345!
missedxxgrill46,Pass12345!
staleoielectorate4,Pass12345!
tastyfwvexile778,Pass12345!
boyishpndose77,Pass12345!
stamped6gstrike13,Pass12345!
meagerad8conveyor81,Pass12345!
aloofmkpredisposition,Pass12345!
blueg7chedonist746,Pass12345!
unconvincingblqcancer,Pass12345!
expandedz3icing69,Pass12345!
deviantshbrecord708,Pass12345!
wetp32coke126,Pass12345!
dynamic6r8inhibitor39,Pass12345!
elevatednpsign41,Pass12345!
transientu36optimism8,Pass12345!
contentincreak81,Pass12345!
congenial6qnrascal2,Pass12345!
unjustifiedtgechap,Pass12345!
tremendous1ohpsycholo,Pass12345!
cagedadcontroversy,Pass12345!
buriedkw8pearl179,Pass12345!
inexplicablenp8iod,Pass12345!
pinched1vprisoner-,Pass12345!
underwater5msurgery79,Pass12345!
womanly4u3beer114,Pass12345!
palatial72flesh57,Pass12345!
nearbycrjade31,Pass12345!
gastrointestinalzp,Pass12345!
departedpjheadsman,Pass12345!
heatedtbpellet25,Pass12345!
unwieldy0ybusiness12,Pass12345!
three-storyuegpenit,Pass12345!
curtainedsyrye80,Pass12345!
walledv2spread45,Pass12345!
freezingzs2deck486,Pass12345!
usedtxpasty75,Pass12345!
sacrificialadmfelt459,Pass12345!
believablezuoverhang5,Pass12345!
digitalpritune-up3,Pass12345!
nameduqsweater46,Pass12345!
validhdfstag376,Pass12345!
precociousktextrac,Pass12345!
monotonousrxbalm55,Pass12345!
disappointing6gvou,Pass12345!
minorqu1panting102,Pass12345!
earthenkalstill277,Pass12345!
unitedyi9crochet718,Pass12345!
expedienth5caption35,Pass12345!
deposedilfootstep51,Pass12345!
appellatexl2bantam73,Pass12345!
helluva1wupsurge31,Pass12345!
stripedhdcommune79,Pass12345!
childless4kperusal11,Pass12345!
offbeatscmaxim24,Pass12345!
longxrwoodland17,Pass12345!
conditional4skpoiso,Pass12345!
uncomfortable3xyco,Pass12345!
quickbg7birth429,Pass12345!
pallid7ulumber47,Pass12345!
demandingkkturbocha,Pass12345!
freezingotllogic536,Pass12345!
inscrutablenqgreed39,Pass12345!
deplorablej3caseload4,Pass12345!
askewn3uncertainty6,Pass12345!
scrambledflfeedback76,Pass12345!
citywideg2heartland4,Pass12345!
bafflinggmkaudienc,Pass12345!
abdominaln2kite60,Pass12345!
unspokendc6inflow526,Pass12345!
breezy8tbleach24,Pass12345!
follow-upqbuaward195,Pass12345!
mysteriouszd8machini,Pass12345!
oncomingiebirthrate74,Pass12345!
presidential9tconviv,Pass12345!
unmanageableiegring,Pass12345!
smart34lchili271,Pass12345!
upperrcpond27,Pass12345!
air-conditionedifrbe,Pass12345!
stalwartx1strain27,Pass12345!
remedial79officehold,Pass12345!
hoodedetcwingman354,Pass12345!
externalabbtreetop20,Pass12345!
infraredi9hgalley16,Pass12345!
hilariousyhtre-creat,Pass12345!
little-knownsasbows,Pass12345!
horrifyingrhfibre3,Pass12345!
turn-of-the-centuryh,Pass12345!
radiant1kslash43,Pass12345!
creased9zdepletion73,Pass12345!
equaltforatory48,Pass12345!
ceremonial8erebuttal2,Pass12345!
run-down6tekiss553,Pass12345!
frozen635doublehea,Pass12345!
mass-producedgwcorn,Pass12345!
repulsiveldmadwoman7,Pass12345!
presidingzztangle14,Pass12345!
insistentk6jimmy19,Pass12345!
neighboringqmcomma,Pass12345!
instinctiveyljeopard,Pass12345!
theatricalanpremise5,Pass12345!
investing1ijmortalit,Pass12345!
lewdobconsignment74,Pass12345!
erodingiysponge54,Pass12345!
lawfulvbbarbarian8,Pass12345!
ungratefulgc3mirac,Pass12345!
uncomfortablemuflavor,Pass12345!
simmering30rrecourse4,Pass12345!
decentzitwister47,Pass12345!
onetimehbwcrusader41,Pass12345!
shapelyaxrber785,Pass12345!
thorough1ciplaster,Pass12345!
relativexubpectora,Pass12345!
concomitanta8sheath4,Pass12345!
twentieth-centurykta,Pass12345!
materialj0ppeddler460,Pass12345!
subtlervorchard82,Pass12345!
boundless6fconfidence,Pass12345!
high-pitchedokapract,Pass12345!
backmnexposition53,Pass12345!
southwestern093chario,Pass12345!
backhzhalf-circle45,Pass12345!
vested6uautomaker7,Pass12345!
homeless7pprofessio,Pass12345!
putative45neighbour2,Pass12345!
incrementalspdlineage,Pass12345!
stackedkjquarterly,Pass12345!
brawnywt5spinner363,Pass12345!
inexplicablekodincapa,Pass12345!
indulgenthaclang32,Pass12345!
red-faceds3nsewer63,Pass12345!
flawedju6habit355,Pass12345!
cardinalrp8handgun,Pass12345!
virtuali6pmugging259,Pass12345!
living-roomiv4fairy,Pass12345!
awash78churchyard17,Pass12345!
aimlesslk6reasoning,Pass12345!
squalidh29incidenc,Pass12345!
warymedrumstick25,Pass12345!
misplacedhzcsubtle,Pass12345!
year-roundwnirefor,Pass12345!
pharmaceuticaldbhero,Pass12345!
coherent7uforfeitu,Pass12345!
commonvkcbuilding57,Pass12345!
metaphoricd4oeffluent,Pass12345!
benevolentxztremblin,Pass12345!
deardh5punter476,Pass12345!
increasingyusickle,Pass12345!
cardboard447eclipse2,Pass12345!
concave5igseedbed308,Pass12345!
decreasing1n8under,Pass12345!
writtenccdoorkeepe,Pass12345!
memorablealconserva,Pass12345!
mass-producedlb6shopg,Pass12345!
reservetkworkingman,Pass12345!
never-ending4nxrefe,Pass12345!
glumfj2softball187,Pass12345!
regulatedwftwig286,Pass12345!
aliven8activity27,Pass12345!
specifiedyudemotion,Pass12345!
miraculous2vdiver84,Pass12345!
attemptedhe8battle,Pass12345!
religious5ncsourdoug,Pass12345!
comfortableo39chancre,Pass12345!
advisoryi7yfanny141,Pass12345!
foreseeable2ujdomin,Pass12345!
ambivalentsmbackgro,Pass12345!
vain8iharmonica55,Pass12345!
indomitablef8setter3,Pass12345!
accountable4ksolace6,Pass12345!
therapeuticyvztrunch,Pass12345!
studious65disclosu,Pass12345!
crossedhridiocy70,Pass12345!
intentionaly8examina,Pass12345!
publicizedhk7fairg,Pass12345!
swingingdq4electrocu,Pass12345!
backwardxqldoubler66,Pass12345!
imperativeluco-work,Pass12345!
medium-sizeduqvsacr,Pass12345!
selectediqadjunct63,Pass12345!
nuts0pdeprivation79,Pass12345!
violethcecoating381,Pass12345!
intentionalg7qcleaner,Pass12345!
possessivexwresonance,Pass12345!
unprofitablewcschop,Pass12345!
eveny0echillun765,Pass12345!
portly2xtgender451,Pass12345!
invulnerables8functio,Pass12345!
airless4kqguise297,Pass12345!
commensurateggsail,Pass12345!
forbiddenh4dhassle40,Pass12345!
reliable84zamalgamat,Pass12345!
inanimatenwriguana,Pass12345!
bleary0eybuffet316,Pass12345!
disproportionatek50co,Pass12345!
unbornao9burden567,Pass12345!
trampledbr2informa,Pass12345!
deadpseral45,Pass12345!
abundantzudraft38,Pass12345!
untrainedinreprint48,Pass12345!
hard-nosedaqncog28,Pass12345!
excessive5nshypocri,Pass12345!
neutrals39excavation,Pass12345!
federalgqpsucker389,Pass12345!
strange6giernment593,Pass12345!
obsessedkuworker73,Pass12345!
earthly6b3crimson1,Pass12345!
clean-cutrcsnake87,Pass12345!
barbarian1gzone37,Pass12345!
threateneda1pintent,Pass12345!
engravedwhchecker45,Pass12345!
emptyanxcontingency,Pass12345!
sensuousl74frisson825,Pass12345!
beautifulib2litter43,Pass12345!
focaleppoetry89,Pass12345!
organickqqchoreograph,Pass12345!
burningsaadventure,Pass12345!
commensuratepputeru,Pass12345!
stillhtrbouillabai,Pass12345!
inflexiblelpunut65,Pass12345!
righteoussqbatch46,Pass12345!
fatal3amaggot52,Pass12345!
mercifulzireference,Pass12345!
accomplishedlnhydrol,Pass12345!
sootywapredhead719,Pass12345!
enjoyableqfbulkhead1,Pass12345!
neutral4hglint13,Pass12345!
tiredlqpcrack444,Pass12345!
shapelessexeelectr,Pass12345!
practical29grocer4,Pass12345!
inquiringz1land23,Pass12345!
stolid7kavenue16,Pass12345!
investigativeyp9saddl,Pass12345!
decrepit8oprize58,Pass12345!
contaminatednnling,Pass12345!
ruineddnromance40,Pass12345!
interchangeablef9pres,Pass12345!
immediate9wjig68,Pass12345!
infatuatedciqcigar215,Pass12345!
bound129stoic197,Pass12345!
businggdcmarkup426,Pass12345!
fitfulzx1arrowhead805,Pass12345!
customaryfndacha21,Pass12345!
suffocating3wregres,Pass12345!
undercover8thlimita,Pass12345!
predictablepgtruss33,Pass12345!
tedious806shove699,Pass12345!
laconic5chombre55,Pass12345!
well-educatedwe2loom2,Pass12345!
sensitive6yoround67,Pass12345!
gastrointestinalyldre,Pass12345!
divineyumortality51,Pass12345!
confidential8yfishe,Pass12345!
flashm1bellow54,Pass12345!
passingbhblot39,Pass12345!
culinaryt1respondent,Pass12345!
progressiveldalcohol,Pass12345!
capitalhxxconcussion,Pass12345!
disputed06gladiato,Pass12345!
all-whitekpedisequi,Pass12345!
disorganizedwicrecour,Pass12345!
excessts4buffalo319,Pass12345!
fascinatedvjpcube726,Pass12345!
alarmingv6inclusion83,Pass12345!
figurative8ngcitron76,Pass12345!
menialsohbum420,Pass12345!
undisputed1fmastecto,Pass12345!
routinerypdrainage,Pass12345!
portableiqschool31,Pass12345!
absorbingc46trademark,Pass12345!
self-evident9feclipse,Pass12345!
dark-bluem9wparagr,Pass12345!
self-centeredvbrow,Pass12345!
bravef7phobia58,Pass12345!
wrinkledjcdtrainer3,Pass12345!
dangerousx7qbassist32,Pass12345!
twistedz6bystander56,Pass12345!
presentables0bamboo3,Pass12345!
bloomingd5ysweeper39,Pass12345!
distressingf8window,Pass12345!
white-collarzzubel,Pass12345!
pricklyty0whiff640,Pass12345!
buriedo1eboarder807,Pass12345!
paramountl3yam46,Pass12345!
commonhf8verb806,Pass12345!
swiftsyvconstruction,Pass12345!
baleful4esfold428,Pass12345!
unwittingn31brush687,Pass12345!
unstablejfpumper31,Pass12345!
lateralmcalcohol13,Pass12345!
undue3bcatapult66,Pass12345!
unwelcome1w9schoolt,Pass12345!
brand-newzkqdisease20,Pass12345!
assertiveohcomputati,Pass12345!
cannytv4depression640,Pass12345!
geographical2vnposte,Pass12345!
captivetiagency64,Pass12345!
gorgeousefgunshot50,Pass12345!
undifferentiatedzys,Pass12345!
perfect23threesome32,Pass12345!
fatherly2jharmony3,Pass12345!
comical8yfret71,Pass12345!
nonpartisanqvsector2,Pass12345!
transcendentk1oran,Pass12345!
lividlqtaskmaster39,Pass12345!
shrinking39nude51,Pass12345!
liker7lgebling793,Pass12345!
rentedjztaking52,Pass12345!
irreplaceablei2tposts,Pass12345!
meekz9tjacaranda254,Pass12345!
tumblingze8survivor1,Pass12345!
wanderingfcfluoride8,Pass12345!
uniformedv8debut62,Pass12345!
exterior0mvictor46,Pass12345!
round-tripdwhall61,Pass12345!
trickyokhierarchy65,Pass12345!
novellmpessimist51,Pass12345!
offensiveikeparafoi,Pass12345!
rutted13perspiration,Pass12345!
displeasedtiswoon87,Pass12345!
roughx1bshellac864,Pass12345!
brokenbzzbookseller32,Pass12345!
rheumatic675abyss658,Pass12345!
attainableslaterrier5,Pass12345!
detachedetsuccessi,Pass12345!
mammoth5vstress29,Pass12345!
unanticipatedczapre,Pass12345!
neurald14myosin585,Pass12345!
strictgzymahout563,Pass12345!
interiors2unutmeg5,Pass12345!
feasiblexnfplot402,Pass12345!
extendedegchronolog,Pass12345!
unclearuyhnuisance690,Pass12345!
contemporaryfdcpainti,Pass12345!
tanx2yeast10,Pass12345!
enviousqsrealist75,Pass12345!
subatomiciecraft51,Pass12345!
searingq1wwastebaske,Pass12345!
slattedy0sock44,Pass12345!
stylized7avcar306,Pass12345!
tremendousq4sapphi,Pass12345!
linguistic8btchamber,Pass12345!
manageable5npiston47,Pass12345!
unthinkable6c4supp,Pass12345!
tautflcommunique39,Pass12345!
noted4hroaring28,Pass12345!
rustedgg6sweeper457,Pass12345!
tumblingw3pparticipat,Pass12345!
sarcasticz1pattern,Pass12345!
inspiring77qsaleslad,Pass12345!
lunar4c1mushroom169,Pass12345!
inconsequential6ui,Pass12345!
shining8wcpensione7,Pass12345!
forcedyhrhardness1,Pass12345!
moralv9ftorpor390,Pass12345!
foreignovcgardener567,Pass12345!
metric4dcy39,Pass12345!
risky5otab44,Pass12345!
dailyseatax532,Pass12345!
enthusiastic8zkcuc,Pass12345!
shrinkinge4grandmas,Pass12345!
compulsoryipximmuniza,Pass12345!
topeevbasket547,Pass12345!
self-styled6q0outfie,Pass12345!
overwhelmingxvpredis,Pass12345!
sparsedtwmarlin812,Pass12345!
writtenjuscan84,Pass12345!
humorous0m4nativis,Pass12345!
desultory1wbilge82,Pass12345!
exorbitanthhycodge,Pass12345!
wobbly4ncitadel77,Pass12345!
imported5hhjubilee44,Pass12345!
galvanized5wsprizew,Pass12345!
concluding0nclump5,Pass12345!
loath1lkill81,Pass12345!
luxuriantlnwhirl89,Pass12345!
hurtfulvc4cuticle31,Pass12345!
fallen2e1peel355,Pass12345!
scalyl2cape435,Pass12345!
predominantcuvcran,Pass12345!
hauntedp0doubler55,Pass12345!
unnoticedcegco-autho,Pass12345!
revolutionarydf1migno,Pass12345!
queerp4critter11,Pass12345!
yearlys6nsong447,Pass12345!
unsmilingcdsmelter8,Pass12345!
oversizedrfpcircel1,Pass12345!
chilleddbanalysis29,Pass12345!
old-timezxfdetergen,Pass12345!
viralg0pearl15,Pass12345!
adorable3fsnifter70,Pass12345!
unobserveda8massent47,Pass12345!
valuable57matinee89,Pass12345!
markedzjhijacking5,Pass12345!
glacialmxttimberlan,Pass12345!
involuntaryi0xmeda,Pass12345!
dirty817bugle812,Pass12345!
unavailableb3rook72,Pass12345!
unfit71lender37,Pass12345!
imperiousleinversio,Pass12345!
gaseoushastock21,Pass12345!
rippling9psire79,Pass12345!
momentousjw0dot683,Pass12345!
unjustified9o8daughte,Pass12345!
delightedrqdlever468,Pass12345!
promisingev5divorc,Pass12345!
departingjccommand,Pass12345!
objective0dewelterwe,Pass12345!
divergentnjmisinter,Pass12345!
religiousvsnozzle43,Pass12345!
left6g6iceberg603,Pass12345!
unresolvedhmdumplin,Pass12345!
underdevelopedrtco,Pass12345!
shadoweduowage20,Pass12345!
orphanedaoministry42,Pass12345!
acoustic5ypvacillat,Pass12345!
congested7rhegemony56,Pass12345!
theologicaliplbusyb,Pass12345!
strategic69bender7,Pass12345!
planetaryoqinsomniac,Pass12345!
airbornemg3snob898,Pass12345!
consummatefssdisadv,Pass12345!
bloateda0thumb23,Pass12345!
effortlessv2pin73,Pass12345!
lush4cdevice53,Pass12345!
dummycubrokerage54,Pass12345!
depressedcahexterior6,Pass12345!
oralysgadfly46,Pass12345!
bulletproof55runder,Pass12345!
out-of-town47qacro,Pass12345!
awesomeujbladder82,Pass12345!
intrinsicv9titan19,Pass12345!
inaccessibleydoove,Pass12345!
dazzlinggqbpincer563,Pass12345!
institutionalizedm,Pass12345!
dummy7apro76,Pass12345!
unimportant70vdiagra,Pass12345!
moroseblcpinch199,Pass12345!
orchestraltz5aggra,Pass12345!
preservingrbxsavior8,Pass12345!
preferabler87switchb,Pass12345!
thoughtful4hshake49,Pass12345!
socialist41restitu,Pass12345!
inconvenientenrcap,Pass12345!
forthcoming8q4place,Pass12345!
celebratedipjmonso,Pass12345!
good-byvzcuckoo11,Pass12345!
three-storyotgtibia6,Pass12345!
uninterestedm1jmonk,Pass12345!
long-lost2drcowl780,Pass12345!
powerlessu4adjective4,Pass12345!
alternativetsxeyew,Pass12345!
stirring7f9passion,Pass12345!
narrow3odepithet230,Pass12345!
lewd04skin39,Pass12345!
